{
  "dataset": {
    "path": "/Users/khashayarbayati/Documents/Uni/Coursera/fraud_detection/fintech-fraud-detection-end2end/fintech-fraud-detection-end2end/data/interim/train_clean_baseline.parquet",
    "md5": "5ba533dfa797c7f591fc7b2e287e2443",
    "val_rows": 118108,
    "val_prevalence": 0.034409184813899145
  },
  "metrics": {
    "roc_auc": 0.9114586368377782,
    "pr_auc": 0.5244223402809307,
    "pr_baseline": 0.034409184813899145,
    "thr_0_5": {
      "threshold": 0.5,
      "precision": 0.23014835882850335,
      "recall": 0.7367125984251969,
      "f1": 0.3507292215779301,
      "tp": 2994,
      "fp": 10015,
      "tn": 104029,
      "fn": 1070
    },
    "thr_best_f1": {
      "threshold": 0.8113177125114373,
      "precision": 0.5512595196250732,
      "recall": 0.4630905511811024,
      "f1": 0.5033431398769724,
      "tp": 1882,
      "fp": 1532,
      "tn": 112512,
      "fn": 2182,
      "precision_curve": 0.5512595196250732,
      "recall_curve": 0.4630905511811024
    },
    "precision_at_k": {
      "0.005": 0.9203389830508475,
      "0.01": 0.8882303132938189,
      "0.02": 0.6731583403895004,
      "0.05": 0.3940728196443692
    },
    "recall_at_fpr": {
      "0.001": 0.2372047244094488,
      "0.005": 0.3708169291338583,
      "0.01": 0.4281496062992126,
      "0.02": 0.5081200787401575
    }
  },
  "figures": {
    "roc": "/Users/khashayarbayati/Documents/Uni/Coursera/fraud_detection/fintech-fraud-detection-end2end/fintech-fraud-detection-end2end/data/interim/figures/roc_val.png",
    "pr": "/Users/khashayarbayati/Documents/Uni/Coursera/fraud_detection/fintech-fraud-detection-end2end/fintech-fraud-detection-end2end/data/interim/figures/pr_val.png",
    "precision_at_k": "/Users/khashayarbayati/Documents/Uni/Coursera/fraud_detection/fintech-fraud-detection-end2end/fintech-fraud-detection-end2end/data/interim/figures/precision_at_k_val.png",
    "recall_at_fpr": "/Users/khashayarbayati/Documents/Uni/Coursera/fraud_detection/fintech-fraud-detection-end2end/fintech-fraud-detection-end2end/data/interim/figures/recall_at_fpr_val.png"
  },
  "best_iteration": 413
}