{
  "dataset_path": "/Users/khashayarbayati/Documents/Uni/Coursera/fraud_detection/fintech-fraud-detection-end2end/fintech-fraud-detection-end2end/data/interim/train_clean_baseline.parquet",
  "n_rows": 590540,
  "n_cols": 427,
  "head_columns": [
    "TransactionID",
    "isFraud",
    "TransactionDT",
    "TransactionAmt",
    "ProductCD",
    "card1",
    "card2",
    "card3",
    "card4",
    "card5",
    "card6",
    "addr1",
    "addr2",
    "dist1",
    "P_emaildomain",
    "R_emaildomain",
    "C1",
    "C2",
    "C3",
    "C4"
  ],
  "time_column": "dt",
  "class_balance": {
    "total": 590540,
    "pos": 20663,
    "neg": 569877,
    "prevalence": 0.03499000914417313
  },
  "top_missing": {
    "D13": 0.8950926270870728,
    "D14": 0.8946946862193924,
    "D12": 0.8904104717715988,
    "id_04": 0.887762048294781,
    "id_03": 0.8877095539675551,
    "D6": 0.8760676668811597,
    "id_33": 0.8758949436109323,
    "id_10": 0.8734615775392014,
    "id_09": 0.873187252345311,
    "D9": 0.8731229044603245
  }
}